birth,death,perception,sorrow,suffering
available,beautifully,crafted,defining,equipment,given,haunting,moving,recording
cds,dustbin,gary,glitter,probably,throwing
anything,broken,hearts,help,hurting,mended,sorry
although,blue,budget,front,lowest,probably
album,baby,dig,ended,moved,remember,talking,through
fade,taking

boy,elder,interpretation,mother,number,plausible,raise,sisters,three,tom,treat,whose,wig
admit,away,blown,embarrassed,listened,took
chihuahua,dog,herman,intelligent,jack,lola,loving,malinda,mix,owned,rescue,russell,sensitive,terrier
boot,talented
crazy,eye,fell,full,insane,loud,sometime,sorrow,unsaid

bottle,carnations,champaign
believe,face,hard,lost,melts,send,stars,stop,sweet,thinking,wait,walker,wanna
englebert,low
describes
care,take,wife
englebert
automatically,bethesda,fallout,gaming,personally,playing
five,seconds
2017,cry,everytime,funny,girlfriend
became,crap,enough,everywhere,respectable
magic,sway,technique,weak
anybody,piano,robertson
form,greetings,netherlands
12,scary

album,doubt,handedly,story,tommy,unbelievable,weird
brenda,full,heaven,tire
80s,during,overplayed,weddings
careful,entertainer,please,talking
glory,jeans,morning,soon,wakes
grandparents,least,means,named,quite

70,appearances,artists,easy,engineer,frequently,making,need,needed,studio,technique,tracks,weren,whenever
everyday,treat
earth,heaven,nearest
asked,childhood,friends,mom,stop
chocolate,cigar,coffee,cuban,disturbing,draw,faster,imagination,need,partner
experienced
casper,change,key,recorded,ride,ticket
detailed,evergreen,everything,moving,musics,quick,rip
intro,masterpiece,match
arms,cause,hold,loving,painful,till
legend,power,seventeen,vocal
controls,each,note,notes,quality,unimaginable
80,heaven,proper,ruby
blues,rhythm
cool,exceptions,frankly,meaningful,nicely,performed,rhythm,seventies,significance,signified,sort,tunes
1st,21yr,accurate,daughters,describing,elle,grace,written
gets,lose,son,wife
assured,forgotten,list,rest,restore,sorry
continue,legacy,lonely,wil
number,soulful,tired
actress
cheap,compilation,decent,park,pictured,skank,trailer

beat,coincide,degrade,diss,downgrade,innovate,inspire,lost,motivate,na,need,purpose,sha
format,prefer,soothing
forget,record,walked,wife
afternoon,beach,breeze,california,cool,dress,faded,floaty,levis,linen,refreshing,sand,shirt,suggestive,summer,walk,white
beach,dream,hawaii,partner,wanna
1987,fucking,getting,laid,looked,mendes,must,shawn
choir,glad,head,learn,stuck
cup,extremely,isn,melting,tea
boo,white
beared,coffin,crematorium,father,top,tribute
butter,cant,describe,honey,running
missed,ones
ain,amen,rest,scott,shine,sun,talent
60s,70s,attraction,beauty,faces,full,natural
10,doomsday,knowing
elders,gives,headache,honest
sarah,vaughan
adorable,also,beyond,complexity,nuance
1960,21st,century,certainly,vintage

melts,prepare,rocker,usually
waltz
bit,email,information,intended,months,next,schedule,solely,week,weeks
guess,leave
jackson,michael,presley
hearing,tire
gave,speak,team,themselves
heartbreak,pain,suckers
black,natural
2010,both,boys,burnt,cash,die,door,henderson,house,jr,location,next,performer,sir,site,stood,tennessee,visited,yes
bloody,drums,heartfelt,lost,pretty,problem,recluse,sadly,soulful,unheard,wanted
follow,harmonies,maker,number,trust,uk
goodbye,jimmy

60s,backing,oh,sometimes
admit,wasn
arms,downy,easily,fore,hair,interesting,means,scott,technology,tendons,todays,veins,vintage
highlights,tragedy
actresses,distinguish
beauty,grandmother
versions
bad,camera,deserved,dominates,equal,face,instruments,lead,members,other,recognition,since
american,artist,away,blues,doubt,james,lifetime,listened,maybe,mock,prolific,said,statement,take,taylor,three,white,writers,written
effect,enough,funny,including,relationships
also,behind,co,crap,crowd,himself,knew,plus,rest,sadly,sell,stage,tunes,wrote
also,due,enough,full,fully,knew,lived,maybe,mostly,popular,problem,rated,stay,together,underappreciated,underrated,yes
creation,evergreen,melodious,sweet
beginning,king,laughs,side,thinking
names,photos,posted,recognized
insinuations,lyric

circle,dont,jerk,kids,ones,section,smart
truly,uploading

yesterday
brings,ironic,must
beyond,eternal,idea,theme


fury,predating
1969,1973,album,bought,dad,early,far,mother,singles,touch
generations,lived,prefer
76,gives,goosebumps
away,else,father,morning,nearly,passed,shine,smiling,somehow,sun,thinking,track
clapping,crazy,fantasize,going,laugh,playing
cruel,darkness,short,surrender
17,falling,school
20,browsing,father,found,teenager,while
someday,wedding
begin
living,loves,room,sway,swing,weak
falling,rain
cars,clear,drive,night,relaxed,streets,vibe
coming,else,keep,other,videos
englebert
away,calling,dear,distant,drums,flowing,jim,mum,oh,reeves,takes

dear,film,permission,short,sir,use
either,grandpa,send
couple,instruments,missed,ran,somehow,weeks
artists,exposed,knew,loves,orbison
1952,1957,1958,certain,dickie,frankie,further,international,male,mr,nme,poll,presley,previous,running,slot,taking,top,uk,valentine,vaughan,vocalist,vocalists,voted
certainly,earth,fella,gorgeous,however,imaging,left,mark,rolling,soon,stunning
00,highest,leave,startled,volume
90s,child,house,incredible,track
melody,unbelievable
2018,add,couple,honest,idea,innocence,kid,seems,weeks
america,nam,saw,viet
fabulous,underrated
1980,boyfriends,brother,doormat,safe,sort,use
advice,replying
30,32,believe,combination,credit,depressing,deserved,duo,emotions,female,guess,imagine,musicians,passed,personally,probably,relate,richard,said,through,truth
davis,difference,least,puts,seeing,skeeter
isn,mean
cloud,computing,lost,mans
away,breath,certain,gave,held,hug,hugs,mind,omg,takes,thinking,tight
genre,teen
night
child
100,agree,wished
150,1930s,attack,herbert,hitler,next,novels,predict,predicting,predictions,pretty,series,shape,soviet,start,tried,union,wells,went,wrote,wwii
arrangements,arrangers,background,classics,credit,deserved,dramatic,orchestrators,powerful,probably,youth
ain,classics,stuff

arts,class,fan,happiness,health,legenda,light,luck,musical,prof,soft
going,opening,painter,richard,seeing,simmons,softly,speaks,suggest
calmness,comes,happiness,smile
beatles,cares,clearly,conversation,harmonies,hollies,level,match,regard,took,vocal
funniest,lmao,saw
80s,anybody,beatles,else,getting,influential,ironically,likes,saw,sounding,stop,tunes,type
head,musical,slap
burton,entertainer,glen,hardin,heaven,james,tcb,vocalist,yuo
affair,ends,moment,separated,yes
1958,big,charismatic,couple,crown,door,frankie,gilmorton,green,hotel,local,strength,tower,uk,vaughan
flowed,fury,isn,totally,unacceptable
remain,timeless
imitated,resonance,totally
80,90,wasn
couldn,depressed,everything,fixed,help,sadder,undo,wished,yourself
bag,beaten,birds,cat,morning,natural,paper,spring,talent,type,unlike,wake,whose
ages,describe,perfection,smooth
gave,thumbs

1980,certainly,focus,soft
against,battle,ensues,glorious,gun,misunderstood,stand,tyranny,vigilante
darling
ahead,harbor,hey,horn,instinctively,kinds,laugh,nash,noticed,often,ships,towards,turns,wondered,yes
ones,remains
backing,dickie,melodic,need,valentine
awakened,dream,scared,vivid
aged,cute,downhill,guess,harder,looked,middle,naturally,preserve,typical,worked

channel,congratulation,discover,france,hello,pleasure,sincerely
cherish,forget,magnificent,orbison
beam,captured,died,download,own,scottie,shined,since,sun
chen,genuinely,peter
blocks,box,comments,hey,move,please,sort,texting
appeals,artists,found,generations,modern

1967,audio,autobiography,book,erudite,pete,rather,reading,recommend,spoken
further,theme
awesome,dies

darkness,flower,guess,interpret,light,rising,sun,talk
actors,index,interesting,movies
believe,cramer,delivery,distinctive,floyd,ivorys,legend,locklin

fogerty,john
follow
art,artists,develop,given,millions,museum,piece,pleasure,vocal
leave
genre,lover
facebook,lie,liked,photo,post,ricky,shared
girlfriend,marry,scruffy,unattractive,zealand
advance,corresponding,movies,please,tag
believe,hard,said

ability,express,point,unable
cry,hold,legends,myself
bad,childhood
30s,60s,70s,74,alive,brenda,buried,ending,forgotten,historical,lee,sironaca
cover,forget,harmonica,key,making,soooo
22,adaline,ask,brought,enjoying,evening,viewing,youngest
clear,english,karen,mother,pronunciation,rare,tongue,word
14,agree,british,invasion
compose

commercial,hilarious,samsung,somehow
darn,onions,running
agree,crap,gang,garbage,gucci,king,magnificent,please,replace,rolex,rude,seriously,wait
attention,beating,clean,crap,draw,garbage,karen,others,resort,themselves
anytime,begin,bet,goes,ill
gladys,hearing,knights
background,barely

apart,arte,couple,el,en,heaven,met,show,ti,writer
innocent
dean,martin

appreciated,beyond,invent,machine,please,realize,somebody,soulful,steve,teens,under,virtuoso,younger
hill,mockingbird,place
teresa
funky,gen,instruments
keeps
behind,etc,modern,other,take
couple,met,often,rip,ruby
meant,videos
brenda,lee
appears,concert,enjoying,fine,priscilla,ride
car,door,drive,hang,movies,speaker,window
power
boyfriend

brought,glad,hearts,king,lived,lives,musician
millions
full,give,melancholy,sorrow,use
renamed,rendition
cause,must,other,phones

innocence,kinds,spirted
bass,bottom,home,miami,whopper
disliked,taste
amount,dog,included,media,myself,powerful,seeing,source,sweet,twitter,unbelievable
became,cause,crush,favourite,friends,home,knowing,repeat,search,talking
also,woo

legendary,na,please,type

brought,strickly
hip,low,rap,take
actress,dark,face,featured,haired,half,through
apparently,myself,need,supernatural
baby
locklin,opinion
crap,sort

care,clown,funny,hospitals,kids,least,leo,nonetheless,others,sick,thinks
couples,heavenly,legends,overlapped
case,give,point,rest,shot
terrific
environmental,file,impact,statement,town,whirl
discover,fabulous,group,often,share
currently,going,husband,meaningful,present,reduced,sent,through,tough
50s,60s,aunts,genuine,heartfelt,orbison,preferred,raved,uncles
existed,magnificent

abroad,english,lyric,spend,studying
relevant
dislike,home
benson,classified,feelings,george,glen,overall,popstars,pretty
believe,dislike
brewer,evening,hill,mockingbird,ms,spend,talented
appreciated,game,recall,reference
1st,2nd,30,47,blessing,convince,december,granted,later,leave,lou,marry,mary,nam,pray,reality,receive,served,tour,viet

fans,fashioned,keep,post
carpenters,gets,privilege,representation
difference,hearing,keep,noisy,tunes
80,adult,arranging,away,complete,couple,dozen,later,melody,message,oldies,orchestration,other,outstanding,pull,simple,standards
die,mother,word
cases,language,translation
break,crazy,drama,easy,take,yourself
15,17,accident,bike,died,jimmy,motor,nana,scary,story
also,passed,whenever
cruel,ended,ironic,punishment,reckon,worlds,worst
touches
2019,romance
channel,found,guessing,jerry,posted,said,vale
structured
devices,digital,excellent,far,modern,produce,rely,versions
happier,itsliverpool,liverpool,low,making,track
baritone,bass,complexing,soprano,talented,tenor
silver,stars
between,frames,off,putting,strange,transition
100,along,beatles,dylan,stones

14,bell,concerning,fashionable,guess,hair,shape


000,80,agree,ain,alone,company,funny,garbage,itunes,marin,mr,none,shine,stand,stands,sun,surname,trio,walker,wholeheartedly
17,50s,60s,compared,currently,group,however,isn,modern,others,past,pretty,taste
oh
america,american,britain,brothers,due,famous,righteous,walker
artist,break
felt,men,soft,try,women
describes,melody
25,business,couldn,hair,mess,million,oh,other,popular,presence,retired,show,showed,stage,wasn
countrify
entertainer,rest,sent
group,studio
friends,keep,mind,physically
release
53,certainly,film,fits,star,superb
cant,greats
lord,off,showing

across,appreciation,innocent,jim,reeves,reminds,rightly,thread,united
artist,became,explain,feelings,global,legend,star,start,suddenly,superstar
adore,biggest,hot,sexy
committed,crime,discussing,sick
arrangement,compare,doesn,harmony,past,super
able,add,credit,dean,ford,glen,half,james,john,list,men,past,running,spencer,stars,women
boast,element,enjoyed,jim,least,older,yes
attractive,boy,dude,huge,natural,pinup,seemed,side,soft,star,teenage,typical
earth,unbelievably
brings,story
exquisite,justice,mans,remarkable
400,bought,btw,carefully,curios,doll,dollars,googled,indeed,karachi,listened,loops,low,pakistan,preset,quality,rupees
tech
apparently,birth,died,dude,gospel,jesse,named,resemblence,striking,tomorrow,twin
crap,felt,holy,next,serious
past,present

bear,seem
cutting,doing,gifts,giving,making
alone,die,going,hard,learned,probably,relationship,show,whenever
lovey
1960s,boy,brought,early,knew
blood,carlos,flesh,thompson
accent,although,dc,moan,southern
1967,aint,touch
asking,blacklane,bolt,boot,car,class,fresh,off,pie,sense,shove,steamer
60s,90s,95,alive,cut,enthusiastic,folks,grown,hardly,magic,oh,playing,short,talking,through,uhh,wanna
carefully,story,tells
able,fulfill,gentle,left,lisa,marie,princilla
anybody
17th,coincidence,favourite,happens
50s,60s,beat,early,period,totally
class,crafted,massively,musicians,perfectly,performed,underrated
interpretation
add,black,coupled,easily,effect,enhance,hey,magic,moodier,pace,photographs,plaintive,sadder,slower,sparkle,white
class,eurovision,recorded
1966,20,ain,also,aren,beatles,brothers,club,fan,high,lead,less,number,particularly,reached,said,scott,shine,successful,sun,teenage,uk,vocalist,walker
repeated,tired
planet
changes,crucifix,lets,okay,shirt,three
25,anything,stand
shame
attention,joint,pay,relates,situations
20th,artists,century,mail,medal,recognizable
10m,change,communicate,fans,knowledge,language,sironaca
awesome,own,range,style
truly
hears
newcomers,older,retarded,turn
familys,generations,quality
clear,crystal,else,melancholy,recreate,remarkable
between,clip,each,far,feedback,hi,left,memories,messages,read,watched
although,bogged,breaks,everything,feels,recover,relationship,takes
angel,creation,foundation,moral,principle,reason,values,wings
attention,bring,disease,disorder,eating,foundation,lost,needs,passed,prevalent,question,society,soon,superstars,tragedy,two
broken,fell,hearted,home,road
child,comfortable,command,concert,deliver,ease,effortlessly,flat,presence,prodigy,seemed,signature,vibrato,vocalist
beat,drummer
brains,deserves,despecio,humans,light,outbeats,swift,taylor,trillion,views
apologize,charge,completely,discharged,phone,preserve
angel,arm,couples,disco,gorgeous,heaven,imagination,missing,must,night,shoulder
compare,cooler,soldiers,tomorrow
1967,blasted,cassani,comes,engelbert,innamoro,italian,maro,melody,obscure,panzeri,parrot,quando,records,stratosphere
easy,exactly,innocent,simple,wants
accepting,big,currently,dates,dudes,ha,hair,im,international,mean,pink,pretty,range,suit
buble,dean,martin,michael,prefer,spanish
hank
changes,happen,lost,thinking
80,90,bass,classics,early,florida,honestly,lock,mid,south,through,whole
1988,1989,away,bournemout,bournemouth,brings,centre,december,forgotton,home,january,passed,pavillion,rip,road,start,tour,town,truly,uk,venue,westover
14,grandma,introduced,shall
aren,bullshit,give,materialistic,written
given,helps,inspirational
doing,dream,gifted,tender
bulls,epileptic,feels,noise,seized
female,hands
king,number,place,taking
india,series,titans
intelligent,later,nicer,pretty,women
assignment,english,homework,looked,minutes,searched
bankrupt,brother,lived,off,problem
audience,checked,doc,doesn,dream,hypnotizes,might,need,puts,race,state
complaining,stop
2019,30th,january
retarded
recommended
1963,27,cause,incredible,living,missing,released,saying
1930,1970,knew,lived,magic
california,car,desert,driving,imagine,moment,roadway,sunset,through,warm
045,artist,birds,clip,mean,showing,snow,stars,storm,two
asleep,crying,fell,sister
gang,leader
tube
black,either,mixed,race
change
anything,doing,sounded
stars
act,allergies,died,everytime,lose,start,watering
doesn,folks,glad,maybe,stuff
compose,decades,memorable
dear,weekend,wishes
bad,merle
height,left,prime,talented
irreplaceable,untouchable
heavenly,met
unlike
drum,famous,oh,splendid,track
forget,gives,leo,memorable
bone,call,interpreter,liked,masterpiece,proof,together
37,emotional,goddard,paulette
naughty
cannot,stil
artist,beautifully,female,match,written
dynamite,lil,shes
belongs,legend,loves
10,11,amazingly,getting,mesmerizing,superb,waltz
16years,although,emotional,fan,jim,lord,loving,reeves,relaxed,vouch
curious,living,members,tavares
enchanced,graphics,hd,simplistic
ignore,impossible,intoxicating,intro,naturally
ages
2019,anyway,likes,listens,mom
artists,fame,lust,money,nobody,sucks,write
created,forgotten
17,davis,goes,maybe,primary,school,son,spencer,steve,teacher,while,winwood,wrote
1954,eckstine,timeless,top
cherish,moment,reason

apart,meaningful,powerful,soundtracks
faithful,infidelity,losing,married,sentiment,temptation,uncomfortable
else,gift,giving,goes,keeps
industry,loss,tragic
awful,camera,clever,clip,considered,despite,irritating,microphone,obscuring,perhaps
female,vocal
agree,anything,ask,cookout,fits,genders,hey,muchm,other,party,races,seemed,situation,type,ya
awesome,coolest
clarity,depth,deteriorated,male,timber,vocalist
adds,comfort,create,knowing,maybe,personal,sorrow
inverted,men,upon,women
cases,finished,half,others
gentle,loping,sweetest,teresa

barry,mix,motown,orchestra,palmer,reminds,robert,unlimited,white
call,deserver,evergreen,happiest,moment,priceless,thousand
shout,teens,tunes
comments,idea,read,stevie,winwood
15,1998,22,boyfriend,husband,send,since,together,valentine
concert
awesome,loss
baby,door,exactly,next,nine
read
1965,1966,2019,brothers,december,frankie,justice,label,originally,recorded,released,smash,successful,valli,walker
mom,playing
baby,blow,guaranteed,mind,roller,steam
2019,28,aloud,apt,four,listens,loving,second,sept,three,trick
alongs,bird,brewer,covers,dinah,early,ford,hill,instead,interpretation,les,lullaby,mary,miller,missed,mitch,mocking,page,patti,paul,shore,sixties,sleepy,teresa,using,wake
abandant,blessing,divine,eternal,grace,hard,promise,receive,recognition,reward,selves,through,waiting,welbeing,welfare,working
actors,compilation,compliments,genius,hard,silver,sironaca
disc,hank,locklin,recorded,selling,top
builds,crescendo,magnificent,matched,rarely
college,drum,excellent,horns,line,percussion,perform,show
agree,big,completely,converts,expression,feelings,stuff
beauty,broken
calmer
quite,record
certain,scene,supernatural
commented,figured,jerry,seems,vale,yes
drumming,known,lifts,sensational
bad,caught,change,detention,since,teacher
banging,dad,incredible,kitchen,recordings
000,100,bankrupt,barbados,becomes,billion,billions,business,carlos,comes,company,concern,concerns,director,dollar,fall,further,goes,hinds,holders,invest,king,lawyers,managing,peter,share,suicide,zulus
infomercial,jukebox,tv
anything,forgets,help,hoping,meaningful,might,outstanding,pay,repay,sees,selected,shots,together,wanted
alike,artistically,both,brothers,confuse,deal,deserve,groups,magnificently,masterpiece,outstanding,probably,reason,respect,righteous,unforgettable,walker
1st,70,background,chorus,comma,half,melody,noticed,piano,riff,shines
goodnight,listened,thankfully
delivery,face,high,notes,satisfied
angel,dreaming,human,slap,wake

brenda,brings,davis,job,originally,skeeter
barbiedolly,glich,maybe,meant
both,cloudy,freedom,mornings,ones,presence
10,least
bit,dean,headphones,pretend
advance,chorus,com,goes,hard,https,melodica,months,off,remember,s160cdsw59ye,similar,starts,trying,vocaroo
camels,desert,east,job,middle,parts,saw,side,till,trailer,wondered
150,blame,boring,cookie,crop,cutter,duration,entire,fry,mph,teachers,use,vocal
usa
1988,appreciated,backup,change,fool,going,having,incase,might,otherwise,plan,ready,sacred,track,upload,via
away,cry,dare,feelings,germany,mum,passed,seldom,totally,two,vulnerable
500,ask,convinced,stone,transplant
already,dare,watching
book,dynamite,oldies,replaced,topped
expressions,face,fits,story,whole
entertainment
doc,fall
attention,create,inside,snatched,taught,uncle
break,everyday,sleep,try,wake
comments,editing,watching,worthwhile
compared,king,others,stealing
pleasure,priceless
likes
70,80,art,care,musics,signers
green,listener
15,crying,damn,kinds,likes,reincarnated
1960,finest,singles,stands
beat,excellent,millennium
comes,dear,glad,important
42,kids,lucky,proud
appreciated,carolinas
asking,dear,friends,offering,protect,wherever
mans,stops,texting,whose
affluence,disturbing,masterpiece,necessary,richness,state,valued
devastated,feels,stops
2nd,build,grade,memory,treasure,youth
actress,background,cigarette,clip,glass,hand,holds,photo
classy,describe,horny,rebellious,story
care,remains
breaking,cry
black,brothers,community,group,living,moving,perform,shows,stay,swoon,talent,tavares
gut,monumental,quite,sorry,unusual,wrenching
believe,junk,sirius,sucks
lonely
auto,form,funny,generations,grandparents,introduction,lest,listened,listeners,truer,tuned,youth
grandparents,hanging
audio,create
beauty,black,blow,call,channel,english,laugh,longer,playing,staves,super,tire,tony,windy,wold
behind,childhood
connotations,lane,naughty,shady
await,ball,dudes,imagine,leo,less,masterpieces,natural,passed,talent,tarts,wailing,written
40,anybody,cute,recognize,unforgettable
meta,realized

sweetest
cheezoid,complex,glad,likes,superiority

anytime,distant,drums,emotions,eved,jim,overcome,reeves,teary
disco
11,19,29,keep,powerful,timeless
14,cousin,learn,yrs
18,die,honestly,masterpiece
male,recordings,sinatraphile,truly
angel,dynamite,men,second,sent,women
afterwords,lost
funny,gets,jackson,legend,michael,regarded
1955,april,charts,listed,march,popular,uk
cell,download
able,beauty,bottom,delivered,measure,message,tomorrow,twice,unfortunately,weight,word,youngsters
blow,tried
annoying,assume,certainly,himself,judging,leo,listeners,sayer,viewers
bit,cry,hell,mean,surely
father,lately,listened,sometimes
john,tired
consolation,early,far,katharina,learn,loss,sorry,sweet
background,definitely,performed
everytime,question,touch
adele,eat,etc,harmonies
relax
afraid,answer,expert,give,guitarist,straight
100,29,albums,along,australia,boxer,college,daddy,eric,grandma,grandpa,guess,jim,least,maybe,mine,mr,mummy,myanmar,next,presented,reeves,sir,top
backs,memories,service
